{"acf_lag2":-0.009500089313678812,"acf_lag4":0.06055138583629451,"avg_kurt":0.9712823997324502,"acf_lag3":0.06352726884243635,"_timestamp":1.777739913960629e+09,"err":4.203414596713907,"_runtime":47,"acf_lag1":0.12411531567991599,"_wandb":{"runtime":47},"_step":0}