{"avg_kurt":20.97799212514748,"acf_lag4":0.15696137705390714,"_runtime":30,"acf_lag1":0.18834619195347072,"_timestamp":1.7777391148209274e+09,"acf_lag2":0.04480076582104185,"_step":0,"acf_lag3":0.11960187775399263,"err":323.24073964652234,"_wandb":{"runtime":30}}