{"err":2.440019189358744,"_step":0,"_wandb":{"runtime":68},"acf_lag2":-0.02717870107413884,"acf_lag3":0.006356076070834242,"_runtime":68,"avg_kurt":1.4803370539251035,"acf_lag4":0.017397042768512484,"_timestamp":1.7777400313326643e+09,"acf_lag1":0.10949172303259769}