{"_timestamp":1.7777394292956123e+09,"acf_lag4":0.12662164232526066,"acf_lag2":0.06400792579113329,"_step":0,"err":28.71767371997357,"acf_lag1":0.2711367565025325,"_runtime":73,"avg_kurt":8.354995748712675,"_wandb":{"runtime":73},"acf_lag3":0.08705937181696537}