{"_wandb":{"runtime":93},"_timestamp":1.7777393094184852e+09,"err":1.101835927113465,"acf_lag4":-0.009632245291750257,"avg_kurt":2.0059555646813534,"_step":0,"acf_lag2":0.040304302990131366,"_runtime":93,"acf_lag1":0.12150139315369382,"acf_lag3":0.004804809129018687}