{"acf_lag2":0.016984672564689947,"_step":0,"_runtime":35,"_timestamp":1.7777399554132133e+09,"err":3.271912027387784,"acf_lag1":0.16832697499534977,"avg_kurt":1.2166624414153424,"_wandb":{"runtime":35},"acf_lag4":0.0023796098098068097,"acf_lag3":0.06558433751614462}