{"acf_lag3":0.08219449072481685,"err":0.1250873159341821,"acf_lag2":0.09524101509057956,"_wandb":{"runtime":85},"avg_kurt":2.778869182345727,"_runtime":85,"_step":0,"_timestamp":1.7777392080880847e+09,"acf_lag1":0.3108425802148683,"acf_lag4":0.0023897348460665767}