{"_wandb":{"runtime":87},"avg_kurt":10.430984666482301,"err":55.233244590464,"acf_lag4":0.11645580812300912,"_runtime":87,"acf_lag1":0.2136713304933498,"_timestamp":1.7777396950329142e+09,"acf_lag2":0.15281250841390545,"acf_lag3":0.1342863763524229,"_step":0}