{"acf_lag3":0.06524507812034977,"_wandb":{"runtime":64},"err":2.807387970303471,"acf_lag2":0.11889043666958894,"_step":0,"_timestamp":1.7777395018638775e+09,"_runtime":64,"acf_lag1":0.21226409708270683,"acf_lag4":0.13916702346590476,"avg_kurt":1.333026916546707}