{"_wandb":{"runtime":31},"avg_kurt":2.0726413687310887,"err":0.9665236046396964,"acf_lag3":0.026853380306058848,"acf_lag4":0.02645157735639736,"acf_lag2":0.014813982885585419,"_runtime":31,"acf_lag1":0.08983237407238549,"_timestamp":1.777739348238849e+09,"_step":0}