{"acf_lag2":0.13332211482547413,"err":4.011828708858173,"_timestamp":1.7777396022809498e+09,"avg_kurt":5.001485556310946,"acf_lag3":0.1801605500308301,"_runtime":94,"acf_lag1":0.18448137170398277,"_step":0,"_wandb":{"runtime":94},"acf_lag4":0.1716467856104781}