{"acf_lag2":0.1391132848508072,"acf_lag3":0.11528744987560229,"_timestamp":1.7777397793962312e+09,"_step":0,"_runtime":76,"_wandb":{"runtime":76},"avg_kurt":4.758547675825386,"err":3.112826890494905,"acf_lag1":0.19995116637685326,"acf_lag4":0.10277062311688848}