{"_step":0,"acf_lag3":0.07741575948430332,"avg_kurt":3.893027779188928,"err":0.8403061854340071,"acf_lag4":0.04773414227857629,"acf_lag1":0.25914808986202226,"_runtime":62,"acf_lag2":0.166874676663897,"_wandb":{"runtime":62},"_timestamp":1.7777398535491767e+09}