{"acf_lag2":0.10908352117081048,"_runtime":17,"avg_kurt":18.29607384043949,"_step":0,"acf_lag3":0.009992547186004572,"acf_lag4":0.03192720491568337,"_timestamp":1.7777390748856013e+09,"_wandb":{"runtime":17},"err":234.0740956530656,"acf_lag1":0.02222593498126279}